{
  "items": [
    {
      "id": "1",
      "name": "Harnoor",
      "desc": "Can be very feisty, enjoys cuddling if you can get close enough",
      "height_ft": "5",
      "height_in": "4",
      "weight": "120",
      "type1": "Fairy",
      "type2": "Fighting",
      "hp": "20",
      "atk": "5",
      "def": "7",
      "spatk": "19",
      "spdef": "23",
      "spd": "12"
    },
    {
      "id": "2",
      "name": "",
      "desc": "",
      "height_ft": "",
      "height_in": "",
      "weight": "",
      "type1": "Normal",
      "type2": "None",
      "hp": "",
      "atk": "",
      "def": "",
      "spatk": "",
      "spdef": "",
      "spd": ""
    },
    {
      "id": "3",
      "name": "",
      "desc": "",
      "height_ft": "",
      "height_in": "",
      "weight": "",
      "type1": "Normal",
      "type2": "None",
      "hp": "",
      "atk": "",
      "def": "",
      "spatk": "",
      "spdef": "",
      "spd": ""
    }
  ]
}